{"cameraMode":{"drawMode":0,"name":"Shaded","section":"Shading Mode"},"sceneLighting":false,"audioPlay":false,"sceneViewState":{"showFog":true,"showMaterialUpdate":false,"showSkybox":false,"showFlares":true,"showImageEffects":true,"showParticleSystems":true,"showVisualEffectGraphs":true,"m_FxEnabled":true},"in2DMode":false,"pivot":{"x":-16.59906005859375,"y":1.2160614728927613,"z":191.43971252441407},"rotation":{"x":-0.17194843292236329,"y":0.006499518174678087,"z":-0.0011311513371765614,"w":-0.9850932359695435},"size":321.9143371582031,"orthographic":false}