{"cameraMode":{"drawMode":0,"name":"Shaded","section":"Shading Mode"},"sceneLighting":false,"audioPlay":false,"sceneViewState":{"showFog":true,"showMaterialUpdate":false,"showSkybox":false,"showFlares":true,"showImageEffects":true,"showParticleSystems":true,"showVisualEffectGraphs":true,"m_FxEnabled":true},"in2DMode":false,"pivot":{"x":-6.457977294921875,"y":-4.787574768066406,"z":2.91070556640625},"rotation":{"x":0.00718921422958374,"y":-0.017401497811079027,"z":-0.00012458290439099073,"w":-0.9998278617858887},"size":138.18917846679688,"orthographic":false}