{"cameraMode":{"drawMode":0,"name":"Shaded","section":"Shading Mode"},"sceneLighting":true,"audioPlay":false,"sceneViewState":{"showFog":true,"showMaterialUpdate":false,"showSkybox":true,"showFlares":true,"showImageEffects":true,"showParticleSystems":true,"showVisualEffectGraphs":true,"m_FxEnabled":true},"in2DMode":false,"pivot":{"x":-0.3361903429031372,"y":-1.2235686779022217,"z":2.577547550201416},"rotation":{"x":-0.20582853257656098,"y":-0.0008833194151520729,"z":0.00018662289949133992,"w":-0.9785912036895752},"size":4.20654821395874,"orthographic":false}