{"cameraMode":{"drawMode":0,"name":"Shaded","section":"Shading Mode"},"sceneLighting":true,"audioPlay":false,"sceneViewState":{"showFog":true,"showMaterialUpdate":false,"showSkybox":true,"showFlares":true,"showImageEffects":true,"showParticleSystems":true,"showVisualEffectGraphs":true,"m_FxEnabled":true},"in2DMode":false,"pivot":{"x":305.0943908691406,"y":-1663.9676513671875,"z":2453.358642578125},"rotation":{"x":-0.3762895464897156,"y":0.010280224494636059,"z":-0.0041787223890423779,"w":-0.9264456629753113},"size":2027.8280029296875,"orthographic":false}