{"cameraMode":{"drawMode":0,"name":"Shaded","section":"Shading Mode"},"sceneLighting":true,"audioPlay":false,"sceneViewState":{"showFog":true,"showMaterialUpdate":false,"showSkybox":true,"showFlares":true,"showImageEffects":true,"showParticleSystems":true},"in2DMode":false,"pivot":{"x":303.2188720703125,"y":-95.37105560302735,"z":-96.87744140625},"rotation":{"x":0.0864357054233551,"y":0.7993298768997192,"z":-0.11863743513822556,"w":0.582787811756134},"size":169.54100036621095,"orthographic":false}