{"cameraMode":{"drawMode":0,"name":"Shaded","section":"Shading Mode"},"sceneLighting":true,"audioPlay":false,"sceneViewState":{"showFog":true,"showMaterialUpdate":false,"showSkybox":true,"showFlares":true,"showImageEffects":true,"showParticleSystems":true},"in2DMode":false,"pivot":{"x":-0.9204407930374146,"y":-0.6200864315032959,"z":-0.0023145675659179689},"rotation":{"x":-0.10954717546701431,"y":-0.027731532230973245,"z":0.0030571110546588899,"w":-0.9935945868492127},"size":2.578115224838257,"orthographic":false}