{"cameraMode":{"drawMode":0,"name":"Shaded","section":"Shading Mode"},"sceneLighting":true,"audioPlay":false,"sceneViewState":{"showFog":true,"showMaterialUpdate":false,"showSkybox":true,"showFlares":true,"showImageEffects":true,"showParticleSystems":true},"in2DMode":false,"pivot":{"x":123.73827362060547,"y":-197.67605590820313,"z":354.66876220703127},"rotation":{"x":0.237448051571846,"y":0.16401344537734986,"z":-0.04076468199491501,"w":0.9566114544868469},"size":214.96070861816407,"orthographic":false}