{"cameraMode":{"drawMode":0,"name":"Shaded","section":"Shading Mode"},"sceneLighting":true,"audioPlay":false,"sceneViewState":{"showFog":true,"showMaterialUpdate":false,"showSkybox":true,"showFlares":true,"showImageEffects":true,"showParticleSystems":true},"in2DMode":false,"pivot":{"x":277.2175598144531,"y":179.69203186035157,"z":174.4055633544922},"rotation":{"x":-0.0961609035730362,"y":0.0035802889615297319,"z":-0.00034643340040929615,"w":-0.9953641295433044},"size":587.6905517578125,"orthographic":false}