{"cameraMode":{"drawMode":0,"name":"Shaded","section":"Shading Mode"},"sceneLighting":false,"audioPlay":false,"sceneViewState":{"showFog":true,"showMaterialUpdate":false,"showSkybox":false,"showFlares":true,"showImageEffects":true,"showParticleSystems":true},"in2DMode":false,"pivot":{"x":-0.27365949749946597,"y":0.4277481436729431,"z":-2.240980386734009},"rotation":{"x":-0.10839281231164932,"y":-0.1464766263961792,"z":0.016149360686540605,"w":-0.9831281900405884},"size":0.28939586877822878,"orthographic":false}