{"cameraMode":{"drawMode":0,"name":"Shaded","section":"Shading Mode"},"sceneLighting":true,"audioPlay":false,"sceneViewState":{"showFog":true,"showMaterialUpdate":false,"showSkybox":true,"showFlares":true,"showImageEffects":true,"showParticleSystems":true},"in2DMode":false,"pivot":{"x":-1.1784207820892335,"y":-3.6818792819976808,"z":7.249481201171875},"rotation":{"x":0.45461249351501467,"y":0.10906574875116348,"z":-0.056180261075496677,"w":0.882229745388031},"size":22.715688705444337,"orthographic":false}