{"cameraMode":{"drawMode":0,"name":"Shaded","section":"Shading Mode"},"sceneLighting":true,"audioPlay":false,"sceneViewState":{"showFog":true,"showMaterialUpdate":false,"showSkybox":true,"showFlares":true,"showImageEffects":true,"showParticleSystems":true},"in2DMode":false,"pivot":{"x":33.33478927612305,"y":-13.877685546875,"z":210.55128479003907},"rotation":{"x":-0.06175244227051735,"y":-0.0728553757071495,"z":0.0027115854900330307,"w":-0.9957037568092346},"size":120.30474853515625,"orthographic":false}