{"cameraMode":{"drawMode":0,"name":"Shaded","section":"Shading Mode"},"sceneLighting":true,"audioPlay":false,"sceneViewState":{"showFog":true,"showMaterialUpdate":false,"showSkybox":true,"showFlares":true,"showImageEffects":true,"showParticleSystems":true},"in2DMode":false,"pivot":{"x":330.6020812988281,"y":-184.95968627929688,"z":247.38815307617188},"rotation":{"x":-0.18518154323101045,"y":-0.437141478061676,"z":0.09248854219913483,"w":-0.8752536773681641},"size":231.07882690429688,"orthographic":false}