{"cameraMode":{"drawMode":0,"name":"Shaded","section":"Shading Mode"},"sceneLighting":true,"audioPlay":false,"sceneViewState":{"showFog":true,"showMaterialUpdate":false,"showSkybox":true,"showFlares":true,"showImageEffects":true,"showParticleSystems":true},"in2DMode":false,"pivot":{"x":10.883570671081543,"y":-11.2966947555542,"z":168.69166564941407},"rotation":{"x":0.04082890972495079,"y":0.021370504051446916,"z":0.0005520495469681919,"w":0.9992002844810486},"size":87.79930114746094,"orthographic":false}