{"cameraMode":{"drawMode":0,"name":"Shaded","section":"Shading Mode"},"sceneLighting":true,"audioPlay":false,"sceneViewState":{"showFog":true,"showMaterialUpdate":false,"showSkybox":true,"showFlares":true,"showImageEffects":true,"showParticleSystems":true},"in2DMode":false,"pivot":{"x":2.162886381149292,"y":-45.129371643066409,"z":239.0547637939453},"rotation":{"x":0.09317277371883393,"y":0.0074627576395869259,"z":-0.0007094928878359497,"w":0.9956333041191101},"size":185.34164428710938,"orthographic":false}