{"cameraMode":{"drawMode":0,"name":"Shaded","section":"Shading Mode"},"sceneLighting":true,"audioPlay":false,"sceneViewState":{"showFog":true,"showMaterialUpdate":false,"showSkybox":true,"showFlares":true,"showImageEffects":true,"showParticleSystems":true},"in2DMode":false,"pivot":{"x":114.64391326904297,"y":-82.12913513183594,"z":-17.250988006591798},"rotation":{"x":0.19389045238494874,"y":0.7259795665740967,"z":-0.22542105615139008,"w":0.6205900311470032},"size":73.0234146118164,"orthographic":false}