{"cameraMode":{"drawMode":0,"name":"Shaded","section":"Shading Mode"},"sceneLighting":true,"audioPlay":false,"sceneViewState":{"showFog":true,"showMaterialUpdate":false,"showSkybox":true,"showFlares":true,"showImageEffects":true,"showParticleSystems":true},"in2DMode":false,"pivot":{"x":44.16766357421875,"y":-40.77286911010742,"z":117.18933868408203},"rotation":{"x":0.1580132097005844,"y":0.165915846824646,"z":-0.02616080641746521,"w":0.973345935344696},"size":73.0234146118164,"orthographic":false}